Workbook

Sheet List
A2: Bug Tracking List | N2: Category
A3: ID | B3: Date | C3: Issue No. | D3: Category | E3: Importance | F3: Issue | G3: Writer | H3: Charger | N3: UI
A4: 1 | B4: 45930 | C4: UI_001 | D4: UI | E4: High | F4: 한글 폰트 깨짐 문제 | G4: 한재원 | H4: 박치현 | I4: o | N4: Audio
A5: 2 | B5: 45940 | C5: Audio_001 | D5: Audio | E5: Mid | F5: 로비 화면에서 인게임 진입 시 소리 볼륨이 커짐 | G5: 한재원 | H5: 안승현 | I5: o | N5: System
A6: 3 | B6: 45946 | C6: System_001 | D6: System | E6: Mid | F6: 멀티 플레이 시 모든 플레이어의 NPC 호감도가 동일하게 증감됨 | G6: 한재원 | H6: 정윤호 | I6: o
A7: 4 | B7: 45947 | C7: System_002 | D7: System | E7: Mid | F7: 멀티 플레이 중 NPC에게 호감도 아이템 사용 시 대화 텍스트 오류 | G7: 한재원 | H7: 정윤호 | I7: o
A8: 5 | B8: 45947 | C8: System_003 | D8: System | E8: Mid | F8: 멀티 플레이 중 아이템 구매 시 재화 소모가 없는 오류 | G8: 한재원 | H8: 정윤호 | I8: o
A9: 6 | B9: 45950 | C9: System_004 | D9: System | E9: Mid | F9: 멀티 플레이 중 아이템 구매 시 인벤토리에 아이템 UI가 표시되지 않음 | G9: 한재원 | H9: 정윤호 | I9: !
A10: 7
A11: 8
A12: 9
A13: 10
A14: 11
A15: 12
A16: 13
A17: 14
A18: 15
A19: 16

Sheet 1
O1: Product | P1: Importance | Q1: Device | R1: Replay | S1: Frequency
A2: History | O2: MIP | P2: High | Q2: PC(Engine) | R2: Yes | S2: Always
A3: Issue No. | C3: UI_001 | O3: TD | P3: Mid | Q3: Mobile | R3: No | S3: Often
A4: Confirm date | C4: 45930 | F4: Writer | H4: 한재원 | P4: Low | S4: sometimes
A5: Importance | C5: High | F5: Device | H5: PC(Engine) | S5: seldom
A7: Issue
A8: Replay | C8: Yes | F8: Frequency | H8: Always
A9: Category | C9: UI | F9: Charger | H9: 박치현
A11: Detail
A12: Issue | C12: 한글 폰트 일부 깨짐 현상
A13: 대화창에 한글 폰트 적용 시 특정 글자가 깨지는 현상이 있음
A15: Replay | C15: Yes
A16: 메인 Scene 선택 (인게임) -> 플레이 시작 -> NPC와 대화 -> 대화창 폰트 깨짐
A18: Comment | C18: 폰트 내 Atlas 값 변경해야 할것으로 추정
A21: Steel shot

Sheet 2
O1: Product | P1: Importance | Q1: Device | R1: Replay | S1: Frequency
A2: History | O2: MIP | P2: High | Q2: PC(Engine) | R2: Yes | S2: Always
A3: Issue No. | C3: Audio_001 | O3: TD | P3: Mid | Q3: Mobile | R3: No | S3: Often
A4: Confirm date | C4: 45940 | F4: Writer | H4: 한재원 | P4: Low | S4: sometimes
A5: Importance | C5: Mid | F5: Device | H5: PC(Engine) | S5: seldom
A7: Issue
A8: Replay | C8: Yes | F8: Frequency | H8: Always
A9: Category | C9: Audio | F9: Charger | H9: 안승현
A11: Detail
A12: Issue | C12: 로비 화면애서 인게임 진입 시 소리 볼륨이 커짐
A13: 게임 로비 화면에서 게임 시작 버튼을 누를 시 로비 화면에서 설정된 사운드 볼륨과 인게임 사운드 볼륨이 다르게 나옴
A15: Replay | C15: Yes
A16: 로비 화면 -> 설정 창 진입 후 볼륨 조절 -> 게임 시작 클릭 (메인 Scene 진입)
A18: Comment | C18: 로비 화면 볼륨과 인게임 불륨 동기화 요망
A21: Screen shot

Sheet 3
O1: Product | P1: Importance | Q1: Device | R1: Replay | S1: Frequency
A2: History | O2: MIP | P2: High | Q2: PC(Engine) | R2: Yes | S2: Always
A3: Issue No. | C3: System_001 | O3: TD | P3: Mid | Q3: Mobile | R3: No | S3: Often
A4: Confirm date | C4: 45946 | F4: Writer | H4: 한재원 | P4: Low | S4: sometimes
A5: Importance | C5: Mid | F5: Device | H5: PC(Engine) | S5: seldom
A7: Issue
A8: Replay | C8: Yes | F8: Frequency | H8: Always
A9: Category | C9: System | F9: Charger | H9: 정윤호
A11: Detail
A12: Issue | C12: 멀티로 게임 진행 시 모든 플레이어의 NPC 호감도가 동일하게 증감됨
A13: 2인으로 게임 진행 중 플레이어 A의 NPC 호감도가 증가 혹은 감소할 시 플레이어 B에게도 동일하게 호감도 증감되는 현상
A15: Replay | C15: Yes
A16: 2명의 플레이어(A, B)가 게임 서버에 접속 -> 플레이어 A가 NPC와 대화 후 호감도 증가 -> 플레이어 B의 화면에서도 해당 NPC의 호감도가 증가
A18: Comment | C18: 각 플레이어에게 NPC의 호감도가 별개로 적용되게 변경 예정
A21: Screen shot | C21: 해당 스크린샷 처럼 나와야 함

Sheet 4
K1: {=VALUE(MID(CELL("filename",A1),FIND("]",CELL("filename",A1))+1,255)) + 3} -> 7 | O1: Product | P1: Importance | Q1: Device | R1: Replay | S1: Frequency
A2: History | O2: MIP | P2: High | Q2: PC(Engine) | R2: Yes | S2: Always
A3: Issue No. | C3: {=INDEX(List!$C:$C, $K$1)} -> System_002 | O3: TD | P3: Mid | Q3: Mobile | R3: No | S3: Often
A4: Confirm date | C4: {=INDEX(List!$B:$B, $K$1)} -> 45947 | F4: Writer | H4: {=INDEX(List!$G:$G, $K$1)} -> 한재원 | P4: Low | S4: sometimes
A5: Importance | C5: Mid | F5: Device | H5: PC(Engine) | S5: seldom
A7: Issue
A8: Replay | C8: Yes | F8: Frequency | H8: Always
A9: Category | C9: {=INDEX(List!$D:$D, $K$1)} -> System | F9: Charger | H9: {=INDEX(List!$H:$H, $K$1)} -> 정윤호
A11: Detail
A12: Issue | C12: {=INDEX(List!$F:$F, $K$1)} -> 멀티 플레이 중 NPC에게 호감도 아이템 사용 시 대화 텍스트 오류
A13: 멀티 플레이 중 NPC에게 호감도 아이템 사용 시 호감도 대화 관련 텍스트가 아닌 일반 대화 텍스트가 등장함
A15: Replay | C15: Yes
A16: 멀티 플레이 시작 -> 상점에서 호감도 아이템 구매 -> NPC에게 사용 -> 일반 대화창이 등장
A18: Comment | C18: 멀티 중 호감도 텍스트가 정상적으로 들어가 있는지 확인 필요
A19: 해당 스크린샷 부분 확인
A21: Screen shot

Sheet 5
K1: {=VALUE(MID(CELL("filename",A1),FIND("]",CELL("filename",A1))+1,255)) + 3} -> 8 | O1: Product | P1: Importance | Q1: Device | R1: Replay | S1: Frequency
A2: History | O2: MIP | P2: High | Q2: PC(Engine) | R2: Yes | S2: Always
A3: Issue No. | C3: {=INDEX(List!$C:$C, $K$1)} -> System_003 | O3: TD | P3: Mid | Q3: Mobile | R3: No | S3: Often
A4: Confirm date | C4: {=INDEX(List!$B:$B, $K$1)} -> 45947 | F4: Writer | H4: {=INDEX(List!$G:$G, $K$1)} -> 한재원 | P4: Low | S4: sometimes
A5: Importance | C5: Mid | F5: Device | H5: PC(Engine) | S5: seldom
A7: Issue
A8: Replay | C8: Yes | F8: Frequency | H8: Always
A9: Category | C9: {=INDEX(List!$D:$D, $K$1)} -> System | F9: Charger | H9: {=INDEX(List!$H:$H, $K$1)} -> 정윤호
A11: Detail
A12: Issue | C12: {=INDEX(List!$F:$F, $K$1)} -> 멀티 플레이 중 아이템 구매 시 재화 소모가 없는 오류
A13: 멀티 플레이 중 상점에서 아이템 구매 시 재화 소모가 없음
A15: Replay | C15: Yes
A16: 멀티 플레이 시작 -> 상점에서 아이템 구매 -> 재화 소모 확인
A18: Comment | C18: 아이템 SO 가격 설정 부분 확인 필요
A19: 해당 스크린샷 부분 확인
A21: Screen shot | C21: 해당 스크린샷 처럼 나와야 함

Sheet 6
K1: {=VALUE(MID(CELL("filename",A1),FIND("]",CELL("filename",A1))+1,255)) + 3} -> 9 | O1: Product | P1: Importance | Q1: Device | R1: Replay | S1: Frequency
A2: History | O2: MIP | P2: High | Q2: PC(Engine) | R2: Yes | S2: Always
A3: Issue No. | C3: {=INDEX(List!$C:$C, $K$1)} -> System_004 | O3: TD | P3: Mid | Q3: Mobile | R3: No | S3: Often
A4: Confirm date | C4: {=INDEX(List!$B:$B, $K$1)} -> 45950 | F4: Writer | H4: {=INDEX(List!$G:$G, $K$1)} -> 한재원 | P4: Low | S4: sometimes
A5: Importance | C5: Mid | F5: Device | H5: PC(Engine) | S5: seldom
A7: Issue
A8: Replay | C8: Yes | F8: Frequency | H8: Always
A9: Category | C9: {=INDEX(List!$D:$D, $K$1)} -> System | F9: Charger | H9: {=INDEX(List!$H:$H, $K$1)} -> 정윤호
A11: Detail
A12: Issue | C12: {=INDEX(List!$F:$F, $K$1)} -> 멀티 플레이 중 아이템 구매 시 인벤토리에 아이템 UI가 표시되지 않음
A13: 멀티 플레이 도중 상점에서 아이템을 구매 시 아이템을 가지고 있는 판정으로 확인되지만 인벤토리에 아이템 UI만 생성이 안됨
A15: Replay | C15: Yes
A16: 멀티 플레이 시작 -> 상점에서 아이템 구매 -> 인벤토리 창 확인
A18: Comment | C18: 서버 관련 스크립트에 인벤토리UI 띄워주는 함수 부분 확인 필요
A21: Screen shot

Sheet 7
K1: {=VALUE(MID(CELL("filename",A1),FIND("]",CELL("filename",A1))+1,255)) + 3} -> 10 | O1: Product | P1: Importance | Q1: Device | R1: Replay | S1: Frequency
A2: History | O2: MIP | P2: High | Q2: PC(Engine) | R2: Yes | S2: Always
A3: Issue No. | C3: {=INDEX(List!$C:$C, $K$1)} -> 0 | O3: TD | P3: Mid | Q3: Mobile | R3: No | S3: Often
A4: Confirm date | C4: {=INDEX(List!$B:$B, $K$1)} -> 0 | F4: Writer | H4: {=INDEX(List!$G:$G, $K$1)} -> 0 | P4: Low | S4: sometimes
A5: Importance | C5: Mid | F5: Device | H5: PC(Engine) | S5: seldom
A7: Issue
A8: Replay | C8: Yes | F8: Frequency | H8: Always
A9: Category | C9: {=INDEX(List!$D:$D, $K$1)} -> 0 | F9: Charger | H9: {=INDEX(List!$H:$H, $K$1)} -> 0
A11: Detail
A12: Issue | C12: {=INDEX(List!$F:$F, $K$1)} -> 0
A15: Replay
A18: Comment
A21: Screen shot

Sheet 8
K1: {=VALUE(MID(CELL("filename",A1),FIND("]",CELL("filename",A1))+1,255)) + 3} -> 11 | O1: Product | P1: Importance | Q1: Device | R1: Replay | S1: Frequency
A2: History | O2: MIP | P2: High | Q2: PC(Engine) | R2: Yes | S2: Always
A3: Issue No. | C3: {=INDEX(List!$C:$C, $K$1)} -> 0 | O3: TD | P3: Mid | Q3: Mobile | R3: No | S3: Often
A4: Confirm date | C4: {=INDEX(List!$B:$B, $K$1)} -> 0 | F4: Writer | H4: {=INDEX(List!$G:$G, $K$1)} -> 0 | P4: Low | S4: sometimes
A5: Importance | C5: Mid | F5: Device | H5: PC(Engine) | S5: seldom
A7: Issue
A8: Replay | C8: Yes | F8: Frequency | H8: Always
A9: Category | C9: {=INDEX(List!$D:$D, $K$1)} -> 0 | F9: Charger | H9: {=INDEX(List!$H:$H, $K$1)} -> 0
A11: Detail
A12: Issue | C12: {=INDEX(List!$F:$F, $K$1)} -> 0
A15: Replay
A18: Comment
A21: Screen shot

Sheet 9
K1: {=VALUE(MID(CELL("filename",A1),FIND("]",CELL("filename",A1))+1,255)) + 3} -> 12 | O1: Product | P1: Importance | Q1: Device | R1: Replay | S1: Frequency
A2: History | O2: MIP | P2: High | Q2: PC(Engine) | R2: Yes | S2: Always
A3: Issue No. | C3: {=INDEX(List!$C:$C, $K$1)} -> 0 | O3: TD | P3: Mid | Q3: Mobile | R3: No | S3: Often
A4: Confirm date | C4: {=INDEX(List!$B:$B, $K$1)} -> 0 | F4: Writer | H4: {=INDEX(List!$G:$G, $K$1)} -> 0 | P4: Low | S4: sometimes
A5: Importance | C5: Mid | F5: Device | H5: PC(Engine) | S5: seldom
A7: Issue
A8: Replay | C8: Yes | F8: Frequency | H8: Always
A9: Category | C9: {=INDEX(List!$D:$D, $K$1)} -> 0 | F9: Charger | H9: {=INDEX(List!$H:$H, $K$1)} -> 0
A11: Detail
A12: Issue | C12: {=INDEX(List!$F:$F, $K$1)} -> 0
A15: Replay
A18: Comment
A21: Screen shot

Sheet 10
K1: {=VALUE(MID(CELL("filename",A1),FIND("]",CELL("filename",A1))+1,255)) + 3} -> 13 | O1: Product | P1: Importance | Q1: Device | R1: Replay | S1: Frequency
A2: History | O2: MIP | P2: High | Q2: PC(Engine) | R2: Yes | S2: Always
A3: Issue No. | C3: {=INDEX(List!$C:$C, $K$1)} -> 0 | O3: TD | P3: Mid | Q3: Mobile | R3: No | S3: Often
A4: Confirm date | C4: {=INDEX(List!$B:$B, $K$1)} -> 0 | F4: Writer | H4: {=INDEX(List!$G:$G, $K$1)} -> 0 | P4: Low | S4: sometimes
A5: Importance | C5: Mid | F5: Device | H5: PC(Engine) | S5: seldom
A7: Issue
A8: Replay | C8: Yes | F8: Frequency | H8: Always
A9: Category | C9: {=INDEX(List!$D:$D, $K$1)} -> 0 | F9: Charger | H9: {=INDEX(List!$H:$H, $K$1)} -> 0
A11: Detail
A12: Issue | C12: {=INDEX(List!$F:$F, $K$1)} -> 0
A15: Replay
A18: Comment
A21: Screen shot

Sheet 11
K1: {=VALUE(MID(CELL("filename",A1),FIND("]",CELL("filename",A1))+1,255)) + 3} -> 14 | O1: Product | P1: Importance | Q1: Device | R1: Replay | S1: Frequency
A2: History | O2: MIP | P2: High | Q2: PC(Engine) | R2: Yes | S2: Always
A3: Issue No. | C3: {=INDEX(List!$C:$C, $K$1)} -> 0 | O3: TD | P3: Mid | Q3: Mobile | R3: No | S3: Often
A4: Confirm date | C4: {=INDEX(List!$B:$B, $K$1)} -> 0 | F4: Writer | H4: {=INDEX(List!$G:$G, $K$1)} -> 0 | P4: Low | S4: sometimes
A5: Importance | C5: Mid | F5: Device | H5: PC(Engine) | S5: seldom
A7: Issue
A8: Replay | C8: Yes | F8: Frequency | H8: Always
A9: Category | C9: {=INDEX(List!$D:$D, $K$1)} -> 0 | F9: Charger | H9: {=INDEX(List!$H:$H, $K$1)} -> 0
A11: Detail
A12: Issue | C12: {=INDEX(List!$F:$F, $K$1)} -> 0
A15: Replay
A18: Comment
A21: Screen shot

Sheet 12
K1: {=VALUE(MID(CELL("filename",A1),FIND("]",CELL("filename",A1))+1,255)) + 3} -> 15 | O1: Product | P1: Importance | Q1: Device | R1: Replay | S1: Frequency
A2: History | O2: MIP | P2: High | Q2: PC(Engine) | R2: Yes | S2: Always
A3: Issue No. | C3: {=INDEX(List!$C:$C, $K$1)} -> 0 | O3: TD | P3: Mid | Q3: Mobile | R3: No | S3: Often
A4: Confirm date | C4: {=INDEX(List!$B:$B, $K$1)} -> 0 | F4: Writer | H4: {=INDEX(List!$G:$G, $K$1)} -> 0 | P4: Low | S4: sometimes
A5: Importance | C5: Mid | F5: Device | H5: PC(Engine) | S5: seldom
A7: Issue
A8: Replay | C8: Yes | F8: Frequency | H8: Always
A9: Category | C9: {=INDEX(List!$D:$D, $K$1)} -> 0 | F9: Charger | H9: {=INDEX(List!$H:$H, $K$1)} -> 0
A11: Detail
A12: Issue | C12: {=INDEX(List!$F:$F, $K$1)} -> 0
A15: Replay
A18: Comment
A21: Screen shot

Sheet 13
K1: {=VALUE(MID(CELL("filename",A1),FIND("]",CELL("filename",A1))+1,255)) + 3} -> 16 | O1: Product | P1: Importance | Q1: Device | R1: Replay | S1: Frequency
A2: History | O2: MIP | P2: High | Q2: PC(Engine) | R2: Yes | S2: Always
A3: Issue No. | C3: {=INDEX(List!$C:$C, $K$1)} -> 0 | O3: TD | P3: Mid | Q3: Mobile | R3: No | S3: Often
A4: Confirm date | C4: {=INDEX(List!$B:$B, $K$1)} -> 0 | F4: Writer | H4: {=INDEX(List!$G:$G, $K$1)} -> 0 | P4: Low | S4: sometimes
A5: Importance | C5: Mid | F5: Device | H5: PC(Engine) | S5: seldom
A7: Issue
A8: Replay | C8: Yes | F8: Frequency | H8: Always
A9: Category | C9: {=INDEX(List!$D:$D, $K$1)} -> 0 | F9: Charger | H9: {=INDEX(List!$H:$H, $K$1)} -> 0
A11: Detail
A12: Issue | C12: {=INDEX(List!$F:$F, $K$1)} -> 0
A15: Replay
A18: Comment
A21: Screen shot

Sheet 14
K1: {=VALUE(MID(CELL("filename",A1),FIND("]",CELL("filename",A1))+1,255)) + 3} -> 17 | O1: Product | P1: Importance | Q1: Device | R1: Replay | S1: Frequency
A2: History | O2: MIP | P2: High | Q2: PC(Engine) | R2: Yes | S2: Always
A3: Issue No. | C3: {=INDEX(List!$C:$C, $K$1)} -> 0 | O3: TD | P3: Mid | Q3: Mobile | R3: No | S3: Often
A4: Confirm date | C4: {=INDEX(List!$B:$B, $K$1)} -> 0 | F4: Writer | H4: {=INDEX(List!$G:$G, $K$1)} -> 0 | P4: Low | S4: sometimes
A5: Importance | C5: Mid | F5: Device | H5: PC(Engine) | S5: seldom
A7: Issue
A8: Replay | C8: Yes | F8: Frequency | H8: Always
A9: Category | C9: {=INDEX(List!$D:$D, $K$1)} -> 0 | F9: Charger | H9: {=INDEX(List!$H:$H, $K$1)} -> 0
A11: Detail
A12: Issue | C12: {=INDEX(List!$F:$F, $K$1)} -> 0
A15: Replay
A18: Comment
A21: Screen shot

Sheet 15
K1: {=VALUE(MID(CELL("filename",A1),FIND("]",CELL("filename",A1))+1,255)) + 3} -> 18 | O1: Product | P1: Importance | Q1: Device | R1: Replay | S1: Frequency
A2: History | O2: MIP | P2: High | Q2: PC(Engine) | R2: Yes | S2: Always
A3: Issue No. | C3: {=INDEX(List!$C:$C, $K$1)} -> 0 | O3: TD | P3: Mid | Q3: Mobile | R3: No | S3: Often
A4: Confirm date | C4: {=INDEX(List!$B:$B, $K$1)} -> 0 | F4: Writer | H4: {=INDEX(List!$G:$G, $K$1)} -> 0 | P4: Low | S4: sometimes
A5: Importance | C5: Mid | F5: Device | H5: PC(Engine) | S5: seldom
A7: Issue
A8: Replay | C8: Yes | F8: Frequency | H8: Always
A9: Category | C9: {=INDEX(List!$D:$D, $K$1)} -> 0 | F9: Charger | H9: {=INDEX(List!$H:$H, $K$1)} -> 0
A11: Detail
A12: Issue | C12: {=INDEX(List!$F:$F, $K$1)} -> 0
A15: Replay
A18: Comment
A21: Screen shot

Sheet 16
K1: {=VALUE(MID(CELL("filename",A1),FIND("]",CELL("filename",A1))+1,255)) + 3} -> 19 | O1: Product | P1: Importance | Q1: Device | R1: Replay | S1: Frequency
A2: History | O2: MIP | P2: High | Q2: PC(Engine) | R2: Yes | S2: Always
A3: Issue No. | C3: {=INDEX(List!$C:$C, $K$1)} -> 0 | O3: TD | P3: Mid | Q3: Mobile | R3: No | S3: Often
A4: Confirm date | C4: {=INDEX(List!$B:$B, $K$1)} -> 0 | F4: Writer | H4: {=INDEX(List!$G:$G, $K$1)} -> 0 | P4: Low | S4: sometimes
A5: Importance | C5: Mid | F5: Device | H5: PC(Engine) | S5: seldom
A7: Issue
A8: Replay | C8: Yes | F8: Frequency | H8: Always
A9: Category | C9: {=INDEX(List!$D:$D, $K$1)} -> 0 | F9: Charger | H9: {=INDEX(List!$H:$H, $K$1)} -> 0
A11: Detail
A12: Issue | C12: {=INDEX(List!$F:$F, $K$1)} -> 0
A15: Replay
A18: Comment
A21: Screen shot
